1,null,1,"Asepclean",35,"Arm varicose v lig-strip",330,0,3
2,null,2,"Promed",49,"Intra-op electron rad rx",563,0,3
3,null,3,"Braun",46,"Other parathyroidectomy",800,0,3
4,null,4,"Asepclean",2,"Cul-de-sac grf/pros NEC",452,0,3
5,null,5,"Braun",36,"Therapeut distent bladd",742,0,3
6,null,6,"Braun",38,"Non-invasive bone stimul",533,0,3
7,null,7,"Braun",9,"Bronchial operation NEC",764,0,3
8,null,8,"Promed",33,"Mouth biopsy NOS",639,0,3
9,null,9,"Asepclean",3,"Excis metacar/car-graft",621,0,3
10,null,10,"Braun",13,"Corneal scrape for smear",999,0,3
11,null,11,"Promed",38,"Excis tonsil/adenoid les",1059,0,4
12,null,12,"Asepclean",46,"Suture peptic ulcer NOS",826,0,3
13,null,13,"Braun",5,"Debrid opn fx-radius/uln",539,0,3
14,null,14,"Asepclean",42,"Excis cyst duct remnant",506,0,3
15,null,15,"Asepclean",9,"Other bronchial excision",321,0,3
16,null,16,"Braun",8,"Aspir curett uterus NEC",529,0,3
17,null,17,"Promed",48,"Tonometry",313,0,3
18,null,18,"Asepclean",42,"Sm bowel exteriorization",1093,0,3
19,null,19,"Promed",9,"Common duct excis NEC",662,0,3
20,null,20,"Braun",25,"Typhoid/paratyphoid vacc",1113,0,3
21,null,21,"Asepclean",47,"Carporadial fusion",475,0,3
22,null,22,"Asepclean",45,"Oth tu destr pros - rt",1061,0,3
23,null,23,"Asepclean",29,"Toe reattachment",130,0,3
24,null,24,"Promed",18,"Hand tenonectomy NEC",300,0,3
25,null,25,"Braun",38,"Suture urethral lacerat",712,0,2
26,null,26,"Asepclean",49,"Rt heart angiocardiogram",898,0,3
27,null,27,"Asepclean",13,"Ureterotomy",145,0,3
28,null,28,"Braun",16,"Fit ext penile prosthes",471,0,2
29,null,29,"Asepclean",40,"Laser destruc rectal les",420,0,2
30,null,30,"Promed",36,"Intra-abd lg bowel manip",182,0,2
31,null,31,"Promed",19,"Cl red-int fix metac/car",888,0,2
32,null,32,"Asepclean",20,"Other heart septa ops",879,0,2
33,null,33,"Promed",24,"Musculoskeletal op NEC",804,0,3
34,null,34,"Asepclean",4,"Thorac duct cannulation",912,0,3
35,null,35,"Asepclean",48,"Revis ureteroenterostomy",665,0,3
36,null,36,"Braun",31,"Repl/rep oth tot hrt sys",688,0,3
37,null,37,"Asepclean",36,"Endosc remove panc stone",901,0,3
38,null,38,"Asepclean",39,"Ptosis rep-front mus sut",259,0,3
39,null,39,"Asepclean",38,"Translum cor atherectomy",944,0,3
40,null,40,"Asepclean",44,"Lower GI series",858,0,3
41,null,41,"Asepclean",46,"Lid marg recon-part thic",357,0,3
42,null,42,"Promed",32,"Arth/pros rem wo rep-elb",341,0,3
43,null,43,"Asepclean",28,"Electroencephalogram",963,0,3
44,null,44,"Braun",0,"Opn/oth rep mtrl vlv-tis",390,0,3
45,null,45,"Braun",27,"C & s-eye",617,0,3
46,null,46,"Braun",29,"Injection of larynx",655,0,3
47,null,47,"Asepclean",34,"Toxicology-endocrine",787,0,3
48,null,48,"Asepclean",20,"Epididymectomy",942,0,3
49,null,49,"Braun",21,"Trnsapcl repl pulm valve",611,0,2
50,null,50,"Asepclean",6,"Excision hand joint NEC",393,0,3
51,null,51,"Promed",30,"C & s-lower GI",743,0,2
52,null,52,"Asepclean",0,"Ambulat & gait training",164,0,3
53,null,53,"Asepclean",15,"Blepharorrhaphy",1038,0,3
54,null,54,"Braun",26,"Forceps-aftercoming head",711,0,3
55,null,55,"Asepclean",0,"Interat ven retrn transp",379,0,3
56,null,56,"Asepclean",11,"Skel xray-lower limb NOS",991,0,3
57,null,57,"Asepclean",41,"Bladder anastomosis NEC",353,0,3
58,null,58,"Braun",47,"Toxicology-upper GI",879,0,3
59,null,59,"Braun",34,"Aspiration of ovary",530,0,2
60,null,60,"Braun",26,"Operation on lens NEC",461,0,3
61,null,61,"Braun",16,"Epididymectomy",592,0,2
62,null,62,"Asepclean",44,"Limited interview/evalua",797,0,2
63,null,63,"Asepclean",7,"Surg corr invert uterus",1005,0,3
64,null,64,"Braun",17,"Contrast phlebogram NOS",1050,0,3
65,null,65,"Braun",34,"Implant CCM,total system",557,0,3
66,null,66,"Braun",47,"Ins part disc pros lumb",1016,0,2
67,null,67,"Braun",23,"Endovas impln grft aorta",847,0,2
68,null,68,"Asepclean",2,"Entropion/ectrop rep NEC",554,0,2
69,null,69,"Promed",9,"Vaginal suspens & fixat",718,0,2
70,null,70,"Asepclean",29,"Insert 1 vascular stent",223,0,2
71,null,71,"Braun",12,"Insert 3 vascular stents",767,0,2
72,null,72,"Braun",30,"Amputat through malleoli",919,0,2
73,null,73,"Braun",2,"Pulmonary scan",249,0,2
74,null,74,"Promed",12,"Eswl other sites",1103,0,2
75,null,75,"Braun",49,"Proctoclysis",584,0,2
76,null,76,"Braun",26,"Lap ing hern-graft NOS",1059,0,2
77,null,77,"Braun",43,"Fit below knee prosthes",1059,0,2
78,null,78,"Asepclean",17,"Ins/repl single pul gen",556,0,2
79,null,79,"Promed",46,"Incis larynx trachea NEC",525,0,2
80,null,80,"Braun",9,"Infusion of vasopressor",509,0,2
81,null,81,"Promed",26,"LITT lesn, guide oth/NOS",860,0,3
82,null,82,"Braun",21,"Crown application",1050,0,3
83,null,83,"Promed",49,"IVUS peripheral vessels",202,0,3
84,null,84,"Braun",28,"Total parathyroidectomy",658,0,3
85,null,85,"Asepclean",37,"Repair ob lacerat cervix",452,0,3
86,null,86,"Braun",14,"Suture peptic ulcer NOS",843,0,3
87,null,87,"Promed",37,"Closed fx reduction NOS",763,0,3
88,null,88,"Braun",32,"Other acupuncture",234,0,3
89,null,89,"Asepclean",36,"Total hip replacement",702,0,3
90,null,90,"Asepclean",9,"Classical c-section",1022,0,3
91,null,91,"Promed",26,"Remov pancreatic tube",283,0,3
92,null,92,"Braun",24,"Retinal tear cryotherapy",946,0,3
93,null,93,"Braun",46,"Toxicology NOS",615,0,3
94,null,94,"Promed",30,"Pituitary operation NEC",960,0,3
95,null,95,"Asepclean",3,"Cystoscopy thru stoma",1104,0,3
96,null,96,"Promed",32,"Endo emb hd/nk,bare coil",427,0,3
97,null,97,"Braun",47,"Tuberculosis vaccination",286,0,3
98,null,98,"Asepclean",12,"Replace vag diaphragm",684,0,2
99,null,99,"Promed",16,"Coronar arteriogr-2 cath",892,0,2
100,null,100,"Promed",39,"Non-op hearing proc NEC",228,0,2
101,null,101,"Braun",6,"Limb length-metacar/car",996,0,2
102,null,102,"Braun",18,"Heart transplantation",359,0,2
103,null,103,"Asepclean",35,"Destruc uter support NEC",280,0,2
104,null,104,"Asepclean",23,"Replace trach tube",615,0,2
105,null,105,"Braun",23,"Scleral fistula repair",690,0,2
106,null,106,"Asepclean",47,"Fasciotomy of hand",1109,0,2
107,null,107,"Braun",12,"Adjust lid position NEC",719,0,2
108,null,108,"Asepclean",37,"Repair of hip, NEC",563,0,3
109,null,109,"Promed",37,"Trachea fistula clos NEC",918,0,3
110,null,110,"Asepclean",44,"Peritoneal incision",844,0,2
111,null,111,"Braun",28,"Bony palate biopsy",946,0,2
112,null,112,"Promed",32,"Ureth reconstruction NEC",311,0,2
113,null,113,"Braun",41,"Septoplasty NEC",1089,0,2
114,null,114,"Asepclean",20,"Other spinal traction",875,0,2
115,null,115,"Promed",21,"Local excis rectal les",699,0,2
116,null,116,"Braun",1,"Ptosis rep-front mus sut",573,0,2
117,null,117,"Braun",37,"Infus immunosup antibody",761,0,2
118,null,118,"Braun",33,"Ven cath renal dialysis",993,0,2
119,null,119,"Braun",6,"Pharyngeal diverticulec",1091,0,2
120,null,120,"Asepclean",36,"Fit below knee prosthes",942,0,2
121,null,121,"Asepclean",7,"Vein inject-scleros agnt",380,0,2
122,null,122,"Asepclean",38,"Other skeletal x-ray",1036,0,2
123,null,123,"Promed",0,"Removal FB from arm",719,0,2
124,null,124,"Promed",1,"Remov small bowel tube",344,0,2
125,null,125,"Asepclean",45,"Repair conjunct lacerat",1038,0,2
126,null,126,"Braun",25,"Oth patella repair/plast",518,0,2
127,null,127,"Asepclean",9,"Excis ampulla of vater",827,0,2
128,null,128,"Promed",36,"Limb shorten proc NOS",563,0,2
129,null,129,"Asepclean",12,"Prostatectomy NEC",320,0,2
130,null,130,"Braun",34,"Open bx saliv gland/duct",264,0,2
131,null,131,"Braun",34,"Opn red-sep epiphy-humer",622,0,2
132,null,132,"Braun",19,"Endosc remove panc stone",686,0,2
133,null,133,"Braun",48,"Vaginal reconstruction",1079,0,3
134,null,134,"Braun",19,"C.A.T. scan of thorax",1046,0,2
135,null,135,"Asepclean",40,"Unil femor hrn rep-grft",952,0,3
136,null,136,"Braun",5,"Local excis sm bowel NEC",998,0,3
137,null,137,"Asepclean",21,"Milk extraction",1056,0,2
138,null,138,"Braun",14,"Ins spinal fusion device",989,0,2
139,null,139,"Promed",41,"Oth tu destr pros - rt",1087,0,2
140,null,140,"Asepclean",21,"C & s-female genital",379,0,2
141,null,141,"Braun",23,"Open prostatic biopsy",303,0,2
142,null,142,"Braun",47,"Reduction genioplasty",656,0,2
143,null,143,"Promed",27,"Vaginal vault obliterat",596,0,3
144,null,144,"Asepclean",30,"Fixed bridge insertion",230,0,3
145,null,145,"Braun",1,"Remov breast tissu expan",911,0,3
146,null,146,"Asepclean",18,"Oth dx proc-metacar/car",463,0,3
147,null,147,"Promed",27,"Rt/left heart card cath",652,0,2
148,null,148,"Asepclean",37,"Sm bowel-rect stump anas",474,0,2
149,null,149,"Braun",0,"Exc/dest intvrt disc NOS",381,0,2
150,null,150,"Promed",40,"Lap abd rep-diaphr hern",1082,0,3
151,null,151,"Asepclean",37,"Total knee replacement",990,0,3
152,null,152,"Asepclean",0,"Adrenal nerve division",145,0,2
153,null,153,"Promed",28,"Seg osteoplasty maxilla",146,0,2
154,null,154,"Promed",44,"Destruc-ankle lesion NEC",339,0,2
155,null,155,"Braun",18,"Carporadial fusion",689,0,3
156,null,156,"Promed",17,"Coag factor transfusion",279,0,2
157,null,157,"Asepclean",49,"Lap res transverse colon",728,0,2
158,null,158,"Promed",44,"Oth arthrotomy-hand/fngr",127,0,3
159,null,159,"Braun",6,"Incision of palate",722,0,3
160,null,160,"Promed",15,"Liver scan/isotope funct",502,0,3
161,null,161,"Promed",23,"Remove bladder stimulat",627,0,3
162,null,162,"Asepclean",39,"X-ray NEC and NOS",837,0,2
163,null,163,"Promed",37,"Ambulat & gait training",695,0,2
164,null,164,"Braun",10,"Excis lesion of muscle",361,0,3
165,null,165,"Asepclean",9,"Reattachment NEC",579,0,3
166,null,166,"Braun",7,"Arterial bld gas measure",263,0,2
167,null,167,"Braun",9,"Hepatic dx proc NEC",799,0,3
168,null,168,"Asepclean",12,"Extraoc musc dx proc NEC",409,0,3
169,null,169,"Promed",41,"Thoracic duct fistulizat",929,0,3
170,null,170,"Asepclean",13,"Spinal tap",250,0,3
171,null,171,"Braun",21,"Remov thorax sutures",376,0,3
172,null,172,"Promed",0,"Close gastric fistul NEC",837,0,3
173,null,173,"Braun",32,"Other post segment ops",333,0,3
174,null,174,"Promed",38,"Appendiceal ops NEC",599,0,4
175,null,175,"Braun",39,"Gastrostomy closure",531,0,4
176,null,176,"Braun",21,"Bone thermography",533,0,2
177,null,177,"Promed",28,"Pnemothorax-lung collaps",1060,0,2
178,null,178,"Asepclean",0,"LITT lesn, guide oth/NOS",478,0,2
179,null,179,"Promed",45,"Oth patella repair/plast",416,0,2
180,null,180,"Braun",35,"Psychiatr somatother NEC",822,0,2
181,null,181,"Braun",11,"Bilat endosc divis tube",332,0,3
182,null,182,"Braun",26,"Suture of tracheal lacer",180,0,3
183,null,183,"Promed",21,"Chorioret les xenon coag",251,0,3
184,null,184,"Braun",15,"Rigid proctosigmoidoscpy",341,0,3
185,null,185,"Promed",16,"Therapeut evac ant chamb",1060,0,3
186,null,186,"Braun",41,"Op tot intr-abd colectmy",995,0,3
187,null,187,"Braun",3,"Pituitary gland incision",1106,0,3
188,null,188,"Braun",45,"Knee arthroscopy",233,0,3
189,null,189,"Asepclean",4,"Neurolyt injec-symp nrv",230,0,3
190,null,190,"Asepclean",0,"Ventricl shunt-abdomen",1036,0,3
191,null,191,"Braun",35,"Tot ostectomy-femur",585,0,3
192,null,192,"Asepclean",8,"Urinary system x-ray NEC",230,0,3
193,null,193,"Promed",11,"Renal autotransplant",584,0,3
194,null,194,"Asepclean",32,"Color vision study",633,0,2
195,null,195,"Braun",32,"Micro exam-lower GI NEC",285,0,2
196,null,196,"Braun",49,"Injection into pericard",898,0,3
197,null,197,"Promed",7,"Fit lo arm/hand prosthes",355,0,2
198,null,198,"Braun",6,"Chorioret les destr NEC",835,0,2
199,null,199,"Promed",31,"Exc hnd mus/fas for grft",1052,0,3
200,null,200,"Braun",10,"Close ureth fistula NEC",894,0,3
201,null,201,"Promed",27,"Culture-spleen/marrow",523,0,1
202,null,202,"Promed",28,"Vessel resect/anast NOS",153,0,2
203,null,203,"Asepclean",30,"Excision of anus",1049,0,2
204,null,204,"Asepclean",26,"Chest x-ray NEC",586,0,2
205,null,205,"Asepclean",8,"Nasal sinus repair NEC",570,0,3
206,null,206,"Promed",30,"Chest cage sequestrec",486,0,3
207,null,207,"Asepclean",42,"Lg bowel segment isolat",331,0,3
208,null,208,"Asepclean",1,"Male genital op NEC",147,0,3
209,null,209,"Promed",32,"Exc/dest hrt les, thrspc",378,0,3
210,null,210,"Braun",32,"Excis external ear NEC",735,0,2
211,null,211,"Asepclean",26,"Nasal function study",127,0,2
212,null,212,"Braun",38,"Remove dental prosthesis",306,0,2
213,null,213,"Braun",20,"Dx ultrasound NEC",981,0,3
214,null,214,"Promed",37,"Open sigmoidectomy NEC",669,0,3
215,null,215,"Promed",12,"Polio vaccine administra",294,0,3
216,null,216,"Promed",6,"Impacted feces removal",420,0,3
217,null,217,"Promed",35,"Radioisot teleradiother",941,0,3
218,null,218,"Asepclean",16,"Nasal sinus fistula clos",1046,0,3
219,null,219,"Promed",24,"Oth cartd body/sinus op",757,0,3
220,null,220,"Promed",28,"Culture NOS",902,0,3
221,null,221,"Asepclean",37,"Excis tonsil/adenoid les",654,0,3
222,null,222,"Braun",15,"Opn bil ind ing hern NEC",632,0,3
223,null,223,"Promed",28,"X-ray of gravid uterus",785,0,3
224,null,224,"Asepclean",40,"Internal fix-patella",240,0,2
225,null,225,"Braun",17,"Bronchoscopy thru stoma",327,0,4
226,null,226,"Promed",0,"Tot cor transpos grt ves",1105,0,4
227,null,227,"Asepclean",27,"Delay opening colostomy",873,0,4
228,null,228,"Promed",48,"Removal oth vag pessary",820,0,4
229,null,229,"Asepclean",30,"Systemic-pulm art shunt",554,0,2
230,null,230,"Promed",32,"External ear biopsy",145,0,3
231,null,231,"Braun",32,"C & s-spleen/marrow",334,0,3
232,null,232,"Braun",23,"C & s-female genital",216,0,2
233,null,233,"Braun",20,"Head soft tiss x-ray NEC",689,0,3
234,null,234,"Promed",25,"Nonmag remov ant seg FB",1011,0,2
235,null,235,"Promed",21,"Suture of pharyngeal lac",877,0,1
236,null,236,"Promed",30,"Ambulat & gait training",931,0,2
237,null,237,"Braun",43,"D & C NEC",331,0,2
238,null,238,"Asepclean",23,"Digestive tract xray NEC",621,0,1
239,null,239,"Promed",22,"Contr mammary ductogram",625,0,3
240,null,240,"Asepclean",27,"Closed mitral valvotomy",793,0,3
241,null,241,"Braun",4,"Pressurized treat graft",1059,0,2
242,null,242,"Asepclean",10,"Bronchial lacerat suture",284,0,2
243,null,243,"Braun",10,"Sperm collection",147,0,2
244,null,244,"Promed",2,"X-ray study of eye",443,0,2
245,null,245,"Braun",7,"Prosthetic evaluation",756,0,2
246,null,246,"Braun",47,"Suture vulvar laceration",233,0,2
247,null,247,"Braun",24,"Chorioret les p/coag NOS",593,0,3
248,null,248,"Asepclean",0,"Periren/vesicle excision",1038,0,2
249,null,249,"Braun",22,"Tympanic injection",585,0,3
250,null,250,"Asepclean",33,"Manual explor uterus p/p",137,0,3
251,null,251,"Promed",34,"Proctosigmoidosc thru st",749,0,3
252,null,252,"Asepclean",36,"Rev knee repl-tibia lin",318,0,3
253,null,253,"Asepclean",21,"Bact smear NOS",180,0,4
254,null,254,"Asepclean",1,"Lumb/lmbosac fus ant/ant",179,0,3
255,null,255,"Asepclean",40,"Op red-int fix metat/tar",437,0,2
256,null,256,"Braun",14,"Radical prostatectomy",586,0,3
257,null,257,"Promed",5,"Osteoclasis-metatar/tar",142,0,3
258,null,258,"Braun",4,"Remove bladder stimulat",167,0,3
259,null,259,"Asepclean",16,"Neurologic func test NEC",185,0,3
260,null,260,"Asepclean",39,"Repair ob lac rect/anus",462,0,3
261,null,261,"Asepclean",36,"Uroflowmetry",739,0,4
262,null,262,"Asepclean",25,"Thymus field exploration",140,0,2
263,null,263,"Promed",12,"Bilat part salpingec NOS",130,0,2
264,null,264,"Braun",1,"Repair ob lacerat cervix",777,0,4
265,null,265,"Promed",2,"Vitreous removal NEC",706,0,2
266,null,266,"Asepclean",44,"Rad dissec periaort node",855,0,3
267,null,267,"Asepclean",7,"Coronar arteriogr-2 cath",184,0,3
268,null,268,"Asepclean",30,"Testicular les destruct",610,0,3
269,null,269,"Promed",34,"Brain/skull contrst xray",650,0,2
270,null,270,"Braun",48,"Bact smear-op wound",744,0,2
271,null,271,"Promed",14,"Puncture of lung",976,0,3
272,null,272,"Promed",33,"Salpingotomy",654,0,4
273,null,273,"Asepclean",8,"Destruc bartholin gland",970,0,3
274,null,274,"Braun",9,"Cell blk/pap-peritoneum",568,0,3
275,null,275,"Promed",41,"Thor rep-diaph hern NOS",516,0,3
276,null,276,"Promed",13,"Midtarsal fusion",995,0,3
277,null,277,"Asepclean",20,"Ultrasound study of eye",1010,0,3
278,null,278,"Promed",20,"Other repair of joint",212,0,3
279,null,279,"Braun",18,"Open gastric biopsy",388,0,3
280,null,280,"Braun",35,"Insert oropharyn airway",332,0,1
281,null,281,"Promed",12,"Remov ant segmnt les NOS",477,0,4
282,null,282,"Braun",22,"Metacarpal/carpal biopsy",1057,0,3
283,null,283,"Asepclean",26,"Sutur flex tend hand NEC",485,0,3
284,null,284,"Braun",11,"Corneal repair NEC",213,0,3
285,null,285,"Promed",48,"Intraspin nerve root div",582,0,3
286,null,286,"Asepclean",49,"Auxiliary liver transpl",686,0,3
287,null,287,"Promed",12,"Impl cardiac support dev",409,0,3
288,null,288,"Promed",49,"Submuc nasal sept resect",654,0,3
289,null,289,"Asepclean",13,"Chorioret les diathermy",465,0,3
290,null,290,"Asepclean",5,"P32 & eye tracer NEC",1091,0,3
291,null,291,"Asepclean",26,"Oth salpingo-oophoroplas",1069,0,3
292,null,292,"Promed",35,"Form cutan ileoureterost",317,0,3
293,null,293,"Braun",37,"Biliary tube irrigation",678,0,3
294,null,294,"Braun",19,"Oth cartd body/sinus op",343,0,3
295,null,295,"Promed",44,"Orbitotomy w bone flap",730,0,3
296,null,296,"Braun",38,"Renal injection NEC",819,0,3
297,null,297,"Asepclean",21,"Low forceps operation",977,0,3
298,null,298,"Asepclean",49,"Grp therap psychsex dysf",826,0,3
299,null,299,"Asepclean",48,"Menstrual extraction",319,0,3
300,null,300,"Promed",42,"Activ musculosk exer NEC",257,0,3
301,null,301,"Promed",20,"Incision of mediastinum",257,0,3
302,null,302,"Braun",22,"Opn rep ind ing hern NEC",485,0,3
303,null,303,"Braun",4,"Procedure-two vessels",766,0,3
304,null,304,"Promed",46,"Cardiopulm resuscita NOS",399,0,3
305,null,305,"Braun",6,"Cystoscopy thru stoma",217,0,3
306,null,306,"Braun",33,"Ureth stricture release",706,0,3
307,null,307,"Braun",35,"Hymenotomy",1036,0,3
308,null,308,"Asepclean",12,"Parasitology-female gen",1033,0,2
309,null,309,"Braun",24,"Remove tracheostomy tube",865,0,2
310,null,310,"Promed",27,"Resistive exercise",1084,0,3
311,null,311,"Asepclean",22,"Repl tv atri-vent lead",573,0,3
312,null,312,"Asepclean",48,"Ureteral catheterization",961,0,2
313,null,313,"Braun",25,"Spinal x-ray NEC",768,0,3
314,null,314,"Braun",23,"Insertion of laminaria",267,0,3
315,null,315,"Braun",25,"Hyperbaric oxygenation",641,0,3
316,null,316,"Asepclean",10,"Ossicular chain op NEC",855,0,3
317,null,317,"Asepclean",2,"Large bowel fixation NEC",820,0,3
318,null,318,"Promed",5,"Lid marg recons ful thic",632,0,3
319,null,319,"Promed",42,"Ultrason fragment-stone",221,0,3
320,null,320,"Asepclean",29,"Substern thyroidect NOS",865,0,3
321,null,321,"Asepclean",43,"Lap total abdominal hyst",670,0,3
322,null,322,"Asepclean",3,"Ins or rep cement spacer",236,0,2
323,null,323,"Asepclean",15,"Suture diaphragm lacerat",230,0,2
324,null,324,"Braun",42,"Suture diaphragm lacerat",985,0,2
325,null,325,"Asepclean",8,"Lap creat esoph sphinct",839,0,2
326,null,326,"Asepclean",8,"Epididymis/vas x-ray NEC",922,0,2
327,null,327,"Braun",6,"Lid reconst w muc graft",342,0,2
328,null,328,"Braun",0,"Uterine suspension NEC",308,0,2
329,null,329,"Asepclean",45,"Aortocor bypas-1 cor art",895,0,2
330,null,330,"Braun",1,"Dental x-ray NEC",322,0,2
331,null,331,"Asepclean",44,"Loc exc les tibia/fibula",815,0,2
332,null,332,"Braun",49,"Stapedect w replac incus",314,0,2
333,null,333,"Braun",17,"Imp/repl brain pulse gen",440,0,2
334,null,334,"Asepclean",3,"Debridement of nail",1089,0,2
335,null,335,"Asepclean",44,"Apexcardiogram",734,0,2
336,null,336,"Promed",26,"Inner ear fenestration",941,0,2
337,null,337,"Promed",29,"Urethral sphincter emg",445,0,2
338,null,338,"Asepclean",12,"Nasolac duct intubat",559,0,2
339,null,339,"Braun",0,"Endosc destruc bronc les",1097,0,2
340,null,340,"Braun",18,"Atlas-axis fusion",767,0,2
341,null,341,"Asepclean",14,"Occlude arm vessel NEC",960,0,3
342,null,342,"Asepclean",26,"Anorectal myomectomy",739,0,3
343,null,343,"Promed",36,"Non-invasive bone stimul",255,0,3
344,null,344,"Braun",4,"Up limb sft tis xray NEC",409,0,3
345,null,345,"Braun",19,"Bact smear-lower urinary",595,0,3
346,null,346,"Promed",13,"Imp limb length kinetic",950,0,3
347,null,347,"Asepclean",31,"Int insert pacemak lead",565,0,3
348,null,348,"Braun",22,"Sm bowel segment isolat",150,0,3
349,null,349,"Promed",29,"Other nervous system ops",907,0,3
350,null,350,"Braun",26,"Transplant hand musc NEC",591,0,3
351,null,351,"Asepclean",14,"Deciduous tooth extract",504,0,3
352,null,352,"Braun",36,"Petrus pyram air cel inc",755,0,3
353,null,353,"Promed",17,"Esophageal dilation",903,0,2
354,null,354,"Asepclean",39,"Splenic cyst marsupial",831,0,3
355,null,355,"Braun",18,"Female genital x-ray NEC",408,0,3
356,null,356,"Braun",3,"Pack ext auditory canal",585,0,2
357,null,357,"Braun",24,"Operation on eyeball NEC",259,0,3
358,null,358,"Promed",14,"Blepharoptos repair NEC",894,0,3
359,null,359,"Asepclean",38,"Esophagomyotomy",858,0,3
360,null,360,"Asepclean",14,"Corneal biopsy",906,0,3
361,null,361,"Asepclean",17,"Bone graft to patella",943,0,3
362,null,362,"Asepclean",37,"Peritoneal incision",961,0,3
363,null,363,"Braun",9,"Perc angio extracran ves",522,0,3
364,null,364,"Promed",17,"Tot gast w intes interpo",154,0,3
365,null,365,"Asepclean",40,"External ear incis NEC",1109,0,3
366,null,366,"Braun",16,"Closed bx of esophagus",780,0,3
367,null,367,"Promed",42,"Incision of cervix",389,0,3
368,null,368,"Promed",34,"Injection into heart",603,0,3
369,null,369,"Asepclean",30,"Corneal tattooing",703,0,3
370,null,370,"Braun",28,"Influenza vaccination",746,0,3
371,null,371,"Asepclean",34,"Injection into tendon",290,0,3
372,null,372,"Asepclean",34,"Ins cath cranial cav/tis",164,0,3
373,null,373,"Promed",31,"Lid recons entropion rep",460,0,3
374,null,374,"Promed",45,"Electron teleradiotherap",631,0,3
375,null,375,"Braun",39,"Incision of prostate",490,0,3
376,null,376,"Asepclean",45,"Nonexc destr cil bod les",858,0,3
377,null,377,"Asepclean",32,"Grp therap psychsex dysf",426,0,3
378,null,378,"Braun",46,"Percu gastrojejunostomy",154,0,3
379,null,379,"Asepclean",0,"Corneal biopsy",864,0,3
380,null,380,"Promed",19,"Cystocel/rectocel repair",123,0,3
381,null,381,"Promed",1,"Clos bx saliv gland/duct",533,0,3
382,null,382,"Braun",9,"Esoph pouch exteriorizat",660,0,2
383,null,383,"Asepclean",37,"Revis inner ear fenestra",200,0,1
384,null,384,"Braun",32,"Thymus field exploration",810,0,1
385,null,385,"Promed",7,"Laparoscopic cholecystec",420,0,1
386,null,386,"Braun",38,"Dx ultrasound NEC",541,0,2
387,null,387,"Asepclean",0,"Cerebral scan",525,0,2
388,null,388,"Promed",13,"Graft repair atrial def",415,0,2
389,null,389,"Promed",28,"Other thyroid operations",703,0,1
390,null,390,"Asepclean",28,"Osteoclasis-tibia/fibula",169,0,1
391,null,391,"Asepclean",43,"Magnet remov ant seg FB",938,0,2
392,null,392,"Braun",39,"Parasitology-op wound",244,0,1
393,null,393,"Braun",14,"Thorac esophagogastrost",268,0,2
394,null,394,"Promed",18,"Entropion/ectrop rep NEC",488,0,2
395,null,395,"Braun",34,"Excision of ankle NEC",1085,0,2
396,null,396,"Asepclean",23,"Periprostatic incision",1067,0,2
397,null,397,"Asepclean",20,"Assisting exercise",575,0,2
398,null,398,"Braun",6,"Destruc-wrist lesion NEC",767,0,2
399,null,399,"Promed",34,"Ciliary body op NEC",230,0,2
400,null,400,"Braun",4,"Body measurement",369,0,3
401,null,401,"Asepclean",6,"Open rep umbil hern NEC",482,0,2
402,null,402,"Asepclean",31,"Radius/ulna wedg osteoto",490,0,1
403,null,403,"Braun",6,"Bunionect/sft/arthrodes",1003,0,1
404,null,404,"Braun",44,"Bone graft to skull",992,0,1
405,null,405,"Promed",11,"Insert othr spin device",357,0,1
406,null,406,"Braun",33,"Eyelid dx procedure NEC",764,0,3
407,null,407,"Braun",5,"Mus/ten/fas/bur op NEC",902,0,2
408,null,408,"Promed",27,"Micro exam-femal gen NEC",1099,0,2
409,null,409,"Promed",7,"Opn rep umb hrn-grft NEC",520,0,2
410,null,410,"Braun",7,"Intraoper cholangiogram",1062,0,3
411,null,411,"Braun",25,"Dx ultrasound-urinary",536,0,3
412,null,412,"Promed",1,"Saliv glnd dx proc NEC",287,0,3
413,null,413,"Promed",32,"Thoracic duct fistulizat",684,0,3
414,null,414,"Braun",42,"Opn/oth repl tcspd valve",874,0,3
415,null,415,"Braun",20,"Refus lmb/lmbsac pst/pst",1043,0,2
416,null,416,"Braun",45,"Graft conjunc cul-de-sac",1089,0,3
417,null,417,"Promed",30,"Culture-lymph system",372,0,2
418,null,418,"Braun",11,"Close ureth fistula NEC",636,0,3
419,null,419,"Asepclean",23,"Endosc destr pancrea les",666,0,3
420,null,420,"Braun",7,"Rt heart angiocardiogram",1067,0,3
421,null,421,"Promed",12,"Repair of cleft hand",583,0,3
422,null,422,"Promed",2,"Ocular prosthetics",258,0,2
423,null,423,"Promed",43,"Gastric freezing",187,0,2
424,null,424,"Asepclean",44,"Incision of bronchus",538,0,2
425,null,425,"Promed",7,"Periph nerve inject NOS",1076,0,3
426,null,426,"Asepclean",23,"Suture penile laceration",199,0,3
427,null,427,"Asepclean",3,"Penile operation NEC",142,0,3
428,null,428,"Asepclean",44,"Uterine suspension NEC",796,0,3
429,null,429,"Braun",16,"Cl reduc disloc-foot/toe",930,0,3
430,null,430,"Braun",10,"BBBD via infusion",174,0,3
431,null,431,"Asepclean",49,"Ureth/periureth op NEC",1094,0,3
432,null,432,"Braun",10,"Suture penile laceration",606,0,3
433,null,433,"Asepclean",40,"Toxicology-upper urinary",1051,0,3
434,null,434,"Promed",42,"Revise disc prosth NOS",400,0,3
435,null,435,"Promed",9,"Cell block/pap-eye",317,0,3
436,null,436,"Asepclean",28,"Bicycle ergometer test",639,0,3
437,null,437,"Braun",32,"Resrf hip,part-acetablum",211,0,3
438,null,438,"Braun",25,"Continent ileostomy",900,0,3
439,null,439,"Promed",46,"Eswl kid/ureter/bladder",587,0,3
440,null,440,"Braun",16,"Lung repair NEC",695,0,3
441,null,441,"Promed",11,"Eyelid dx procedure NEC",1020,0,3
442,null,442,"Promed",14,"Open mediastinal biopsy",404,0,3
443,null,443,"Promed",39,"Head & neck endarter NEC",233,0,3
444,null,444,"Promed",35,"Radius/ulna inj op NOS",173,0,3
445,null,445,"Braun",27,"Remov imp dev-radius/uln",179,0,3
446,null,446,"Promed",23,"Gastric repair NEC",396,0,3
447,null,447,"Promed",0,"Unil breast injec-augmen",1034,0,3
448,null,448,"Braun",28,"Remov imp dev-metac/carp",973,0,3
449,null,449,"Promed",27,"Coronar arteriogr-2 cath",738,0,1
450,null,450,"Asepclean",41,"Drug addict counselling",947,0,1
451,null,451,"Braun",4,"Manual rupt ovarian cyst",492,0,1
452,null,452,"Braun",14,"Vaginal douche",967,0,1
453,null,453,"Promed",15,"Refus lmb/lmbsc ant/post",636,0,1
454,null,454,"Asepclean",22,"Mri chest & heart",224,0,1
455,null,455,"Braun",38,"Rad dissec thorac struct",707,0,1
456,null,456,"Asepclean",35,"Percu endosc gastrostomy",833,0,1
457,null,457,"Promed",23,"Replace lower limb cast",521,0,1
458,null,458,"Promed",23,"Spinal fusion NOS",702,0,2
459,null,459,"Promed",47,"Suture kidney laceration",738,0,2
460,null,460,"Asepclean",4,"Lid reconst w muc graft",220,0,2
461,null,461,"Asepclean",43,"Bact smear-lower urinary",339,0,2
462,null,462,"Promed",28,"Continent ileostomy",844,0,2
463,null,463,"Asepclean",10,"Extraperitoneal c-sect",1037,0,2
464,null,464,"Promed",23,"Injct/infus glucarpidase",623,0,2
465,null,465,"Asepclean",22,"Radioactive elem implant",746,0,2
466,null,466,"Asepclean",35,"Thor abltn lung les/tiss",975,0,2
467,null,467,"Braun",8,"Orthoptic training",685,0,2
468,null,468,"Asepclean",44,"Hand synovectomy",876,0,2
469,null,469,"Asepclean",28,"Nonexcis debridement wnd",651,0,2
470,null,470,"Promed",41,"Open reduct mandible fx",487,0,3
471,null,471,"Braun",36,"Bladder operation NEC",1096,0,3
472,null,472,"Asepclean",45,"Close red-humerus epiphy",759,0,3
473,null,473,"Braun",21,"Bunionect/sft/arthrodes",722,0,3
474,null,474,"Braun",43,"Ptos rep-tarsal techniq",368,0,2
475,null,475,"Braun",6,"Div soft tissue hand NEC",427,0,2
476,null,476,"Braun",2,"Operation on lens NEC",267,0,2
477,null,477,"Asepclean",5,"Skel xray-lower limb NOS",498,0,2
478,null,478,"Asepclean",44,"Eyeball evisceration NEC",794,0,3
479,null,479,"Braun",19,"Inser bone stim-meta/tar",600,0,3
480,null,480,"Asepclean",36,"Vasotomy",805,0,1
481,null,481,"Braun",34,"Open fx site debride NOS",709,0,1
482,null,482,"Braun",14,"Iontophoresis",482,0,1
483,null,483,"Asepclean",7,"Closure liver lacerat",132,0,4
484,null,484,"Promed",5,"Open thyroid gland bx",415,0,2
485,null,485,"Promed",48,"Sphenoidotomy",509,0,1
486,null,486,"Braun",42,"Ureteral meatus dilation",434,0,2
487,null,487,"Promed",3,"Replace nephrostomy tube",757,0,2
488,null,488,"Braun",14,"Anal/perian dx proc NEC",853,0,2
489,null,489,"Braun",13,"Injection into tendon",608,0,3
490,null,490,"Promed",32,"Bladder reconstruction",156,0,3
491,null,491,"Promed",46,"Unspec op-bone inj NEC",969,0,3
492,null,492,"Braun",33,"Open reduc-dislocat NOS",989,0,2
493,null,493,"Asepclean",16,"Total pinealectomy",842,0,2
494,1,null,"Oat Smut",46,"Oth cartd body/sinus op",289,0,1
495,2,null,"Hydrogen Peroxide",90,"Arbovirus vaccinat NEC",193,0,4
496,3,null,"Denavir",27,"Breast full-thick graft",956,0,1
497,4,null,"Amlodipine besylate and Atorvastatin calcium",75,"Coronary bld flow monit",754,0,2
498,5,null,"Uri-Cleanse Rx",68,"Excision foot joint NEC",688,0,1
499,6,null,"Oxygen",2,"Aspiration of bursa",448,0,4
500,7,null,"MAXITROL",21,"Oth seg lung resect NOS",930,0,2
501,8,null,"Prednisone",91,"Free skin graft NOS",274,0,2
502,9,null,"Doxepin Hydrochloride",74,"Vertebral fx repair",192,0,3
503,10,null,"Lisinopril and Hydrochlorothiazide",77,"Esophagogastroplasty",1021,0,2
504,11,null,"Curvularia inaequalis",38,"Mult seg sm bowel excis",703,0,2
505,12,null,"sunmark",46,"Aortocor bypas-3 cor art",527,0,1
506,13,null,"Orajel Instant Pain Relief for Severe Toothache",2,"Imp/rep subcue card dev",998,0,4
507,14,null,"Medique Decorel Forte Plus",80,"Skull x-ray NEC",1067,0,4
508,15,null,"Escitalopram",26,"Goniosynechiae lysis",313,0,2
509,16,null,"DIPROLENE AF",99,"Elecmag hear dev implant",741,0,1
510,17,null,"SENSAI",42,"Aspiration of bursa",1011,0,3
511,18,null,"Lamotrigine",58,"Aortocor bypas-2 cor art",699,0,3
512,19,null,"TOURCIA BODY WASH",6,"Rhinoscopy",679,0,2
513,20,null,"Morphine Sulfate",98,"Remove FB lens NOS",930,0,2
514,21,null,"MEDITOWEL",30,"Periph nerve inject NOS",1054,0,2
515,22,null,"Lotrel",39,"Repair of rectum NEC",942,0,2
516,23,null,"Phenobarbital",21,"Endosc inser panc stent",276,0,1
517,24,null,"Ibuprofen",98,"Bladder repair NEC",482,0,4
518,25,null,"enMotion Foam Hand Sanitizer w-Moisturizers, Fragrance Free",54,"Periph nerve transposit",280,0,4
519,26,null,"ATOMY MINERAL PACT",48,"Osteoclasis-metacar/car",482,0,3
520,27,null,"Treatment Set TS333743",81,"Exc hnd mus/fas for grft",622,0,2
521,28,null,"Ciprofloxacin Hydrochloride",29,"Cl red-int fix metat/tar",983,0,4
522,29,null,"Nuvigil",96,"Opn bil dir ing hern NEC",971,0,1
523,30,null,"SNAIL THERAPY 80 EMULSION",23,"Hypothermia",1086,0,1
524,31,null,"Nitrofurantion Macrocrystals",84,"Other joint dx procedure",604,0,1
525,32,null,"Gabapentin",65,"Remov imp dev-tib/fibula",428,0,3
526,33,null,"Vitamin A D",97,"Nonop remov hrt asst sys",631,0,1
527,34,null,"Betamethasone Dipropionate",76,"Open gastric biopsy",945,0,4
528,35,null,"Mycophenolate mofetil",48,"Opn/oth rep pulm vlv-tis",591,0,4
529,36,null,"No7 Radiant Glow Foundation Sunscreen SPF 15 Buff",9,"Comprehensive consultat",302,0,4
530,37,null,"Hydroquinone",98,"Endosc destr pancrea les",1037,0,2
531,38,null,"Foaming Instant Hand Sanitizer with Aloe and Vitamin E",3,"Drain face & mouth floor",633,0,1
532,39,null,"Ultimate Daily Face Wash",67,"Ileostomy NOS",673,0,2
533,40,null,"Neutrogena Wet Skin Kids",33,"Tot nasal reconstruction",555,0,3
534,41,null,"Oxygen",94,"Opn rep umb hrn-grft NEC",451,0,1
535,42,null,"HAND AND NATURE SANITIZER",36,"Prenatal training",455,0,2
536,43,null,"CHERRY",57,"Other chest wall repair",1031,0,3
537,44,null,"ropinirole hydrochloride",29,"Other joint mobilization",179,0,4
538,45,null,"Prednisone",7,"Inject antidote",251,0,4
539,46,null,"benzonatate",38,"Chest cage bone div NEC",726,0,4
540,47,null,"Premier Value Adult Glycerin",94,"Injection into tendon",285,0,3
541,48,null,"Diovan HCT",62,"Manual reduc rect prolap",244,0,2
542,49,null,"Sulfamethoxazole and Trimethoprim",40,"Aspiration skin & subq",369,0,2
543,50,null,"SALSOLA KALI POLLEN",68,"Open reduct-int fix toe",335,0,4
544,51,null,"Novolin70/30",80,"Thorax sft tiss xray NEC",929,0,2
545,52,null,"Zolpidem Tartrate",65,"Pancreatotomy NEC",856,0,1
546,53,null,"dg health headache relief",84,"Tot substern thyroidect",971,0,4
547,54,null,"Corn Grass",95,"Pancreatic dx proc NEC",699,0,4
548,55,null,"American Beech",39,"Revise lg bowel anastom",785,0,3
549,56,null,"REBIF",52,"Repl/rep thr unt tot hrt",121,0,3
550,57,null,"SNAPPY APPLE SCENTED HAND SANITIZER",71,"Proctosigmoidosc thru st",775,0,4
551,58,null,"Deer Hair",98,"X-ray NEC and NOS",226,0,1
552,59,null,"Glyburide and Metformin Hydrochloride",6,"Ovarian biopsy NEC",1068,0,2
553,60,null,"CHLORPROMAZINE HYDROCHLORIDE",41,"Other excision of lung",207,0,2
554,61,null,"Piroxicam",32,"Ethmoidectomy",1049,0,1
555,62,null,"Furosemide",6,"Endoscopic ileal conduit",445,0,2
556,63,null,"Molds - Mold Mix 4",95,"Remov abdom wall suture",600,0,3
557,64,null,"Tribenzor",0,"Partial hepatectomy",547,0,1
558,65,null,"T.R.U.E. Test",30,"Lap remove ovaries/tubes",867,0,1
559,66,null,"Eastern Cottonwood",87,"Revis ant seg op wnd NEC",858,0,1
560,67,null,"Naratriptan",79,"Open adrenal gland bx",709,0,2
561,68,null,"Smart Sense Antibiotic",73,"Intracran ves resec-anas",852,0,2
562,69,null,"Serdaen",68,"Fit above knee prosthes",842,0,1
563,70,null,"Zolmitriptan",85,"Lacrim sac/passage excis",774,0,3
564,71,null,"Amoxicillin",66,"Thoracoplasty",846,0,1
565,72,null,"Pramipexole Dihydrochloride",48,"Foot reattachment",315,0,3
566,73,null,"CLOMIPRAMINE HYDROCHLORIDE",44,"Tracheal reconstruction",331,0,3
567,74,null,"Kindest Kare Foam",22,"Local sm bowel perfusion",548,0,1
568,75,null,"Nicotine Polacrilex",42,"Exc hnd mus/fas for grft",504,0,4
569,76,null,"Trichophyton mentagrophytes",0,"Bact smear-integument",1022,0,1
570,77,null,"Simvastatin",5,"Excis metacar/car-graft",143,0,3
571,78,null,"risperidone",12,"Lap periton adhesiolysis",637,0,2
572,79,null,"Naproxen",34,"Intracran ves resec-anas",907,0,2
573,80,null,"Naproxen Sodium",7,"Clos branch cleft fistul",1052,0,1
574,81,null,"THE YEON LOTUS FLOWER BC CUSHION PACT",85,"Trnsplnt live nonrel don",869,0,4
575,82,null,"Azithromycin",60,"Onychoplasty",258,0,1
576,83,null,"Oxycodone and Acetaminophen",65,"Open reduc-humerus fx",881,0,2
577,84,null,"Citalopram",68,"Bone graft-radius/ulna",1057,0,3
578,85,null,"THE FIRST EMULSION",30,"Opn thorc diaph hern NEC",944,0,4
579,86,null,"OXY Clinical",60,"Conjun cul-de-sac rx NEC",842,0,2
580,87,null,"ERY-TAB",23,"Clos bx saliv gland/duct",473,0,1
581,88,null,"Neutrogena Men Age Fighter Face",36,"Vena cav angiocardiogram",904,0,2
582,89,null,"SMITH BROS NON-DROWSY DAY TIME COLD and FLU",89,"Hepatotomy",1092,0,3
583,90,null,"acetaminophen pm",14,"Closed gastric biopsy",1119,0,3
584,91,null,"Maxipime",71,"Endo imp oth grf abd aor",1118,0,3
585,92,null,"Valium",32,"Hemorrhoid cauterizat",1015,0,4
586,93,null,"BIRDS GARDEN LIP BALM",58,"Suture of lip laceration",893,0,2
587,94,null,"Ibutilide Fumarate",5,"Choroid plexectomy",811,0,3
588,95,null,"Acetaminophen",96,"Remov imp dev-chest cage",614,0,3
589,96,null,"ELF Mineral Foundation SPF 15",87,"Dilation of intestine",190,0,4
590,97,null,"bareMinerals READY Touch Up Veil Broad Spectrum SPF 15",90,"Auto hem stem ct w/o pur",714,0,1
591,98,null,"Nevirapine",53,"Insert recombinant BMP",480,0,2
592,99,null,"CD DIORSNOW White Reveal Fresh Transparency Liquid Foundation with Sunscree",41,"Goniotomy w goniopunctur",1111,0,4
593,100,null,"Stay Awake",73,"Endovas repl aortc valve",930,0,2
594,101,null,"Esmolol Hydrochloride",70,"Ins noninfl penis prosth",791,0,2
595,102,null,"Methimazole",54,"Manual removal-placenta",186,0,2
596,103,null,"Pamidronate Disodium",59,"Tiss adj to valv ops NEC",880,0,1
597,104,null,"PhysiciansCare Antacid",30,"Imp epiretinal prosth",615,0,1
598,105,null,"LBEL",69,"Intracranial 02 monitor",749,0,3
599,106,null,"Topiramate",73,"Relaxation of scar",730,0,1
600,107,null,"berkley and jensen nicotine polacrilex",89,"Hemorrhoid injection",1105,0,3
601,108,null,"Truvada",65,"Pericardiotomy",533,0,2
602,109,null,"Fluphenazine Hydrochloride",68,"Thorac esophagogastrost",450,0,1
603,110,null,"Childrens Plus Cough and Sore Throat",39,"Revise disc prosth NOS",379,0,4
604,111,null,"Brazil Nut",42,"Repl tv atri-vent lead",865,0,2
605,112,null,"Original Extra Strong All Natural Fishermans Friend Menthol Cough Suppressa",37,"Omt to move tissue fluid",173,0,2
606,113,null,"Rocky Mountain Sunscreen",70,"C-vasc scan/isotop funct",861,0,2
607,114,null,"Metoprolol Tartrate",33,"Removal oth vag pessary",370,0,3
608,115,null,"Allergy",38,"Other tenotomy",699,0,1
609,116,null,"XELJANZ",97,"Toxicology-bili/pancreas",202,0,2
610,117,null,"Paroxetine",52,"Remov mediastinal drain",581,0,1
611,118,null,"AGARICUS MUSCARIUS",33,"Cell block/pap-blood",973,0,3
612,119,null,"White Oak",50,"Omental repair NEC",546,0,3
613,120,null,"HAND SANITIZING",47,"Orbitotomy w implant",884,0,1
614,121,null,"Calcium Plus",36,"Micro exam-uppr urin NEC",748,0,3
615,122,null,"Pleo Rec",55,"Pyeloscopy",496,0,2
616,123,null,"JIN GU WANG",64,"Oth thorac op thymus NOS",498,0,2
617,124,null,"Polymyxin B",16,"Allotrnsplnt islets lang",1052,0,1
618,125,null,"Regular Strength Aspirin EC",58,"Osteoplasty mandible bdy",459,0,4
619,126,null,"milk of magnesia",33,"Cl reduc disloc-hip",527,0,1
620,127,null,"all day Allergy Relief D",60,"Abd wall hern repair NEC",408,0,2
621,128,null,"Methotrexate Sodium",45,"Exploratory laparotomy",799,0,2
622,129,null,"Venlafaxine",79,"Open periph nerve biopsy",749,0,1
623,130,null,"Bryonia Alba 30c",81,"Facial bone repair NEC",301,0,2
624,131,null,"Atenolol",56,"Destr sm bowel les NEC",1003,0,3
625,132,null,"Nighttime Sleep-aid",57,"Evac ob hemat vulva/vag",1094,0,1
626,133,null,"Prochlorperazine Edisylate",97,"Open biopsy soft tissue",152,0,3
627,134,null,"Croc Bloc Broad Spectrum SPF 30 FPS Ecran Solaire",61,"Cell blk/pap-female gen",419,0,1
628,135,null,"Methylprednisolone Sodium Succinate",6,"Angiocardiography NOS",513,0,4
629,136,null,"Stool Softener",89,"Osteoclasis-metatar/tar",587,0,1
630,137,null,"Piroxicam",70,"Excision of iris lesion",841,0,1
631,138,null,"Curity Povidone-Iodine One-Step Prep",52,"Syndactyly correction",253,0,3
632,139,null,"Luxury",81,"Contrast dacryocystogram",1042,0,3
633,140,null,"neobryxol Neb",12,"Ins totl disc pros lumb",817,0,3
634,141,null,"Mandragora Arnica",78,"Radioactive elem implant",986,0,3
635,142,null,"Australian Gold",57,"Lacrimal gland biopsy",761,0,4
636,143,null,"ULTRA THERAPY PAIN RELIEF",26,"Delay opening colostomy",796,0,2
637,144,null,"ABILIFY",36,"Contr phlebogram-hd/neck",131,0,3
638,145,null,"SHISEIDO THE SKINCARE TINTED MOISTURE PROTECTION",1,"Culture-blood",1058,0,3
639,146,null,"Glyburide",52,"Head/neck var v lig-str",583,0,1
640,147,null,"DOUBLE PERFECTION LUMIERE",70,"Remov ant segmnt les NOS",341,0,2
641,148,null,"CLE DE PEAU BEAUTE RADIANT FLUID FOUNDATION",11,"Incision of palate",508,0,4
642,149,null,"Sulindac",20,"Wrist structure division",872,0,4
643,150,null,"RHODOTORULA RUBRA",82,"Other myectomy",610,0,4
644,151,null,"Octreotide Acetate",86,"Brain temp monitoring",715,0,2
645,152,null,"Buspirone Hydrochloride",63,"Bact smear-ent/larynx",1046,0,4
646,153,null,"Island Banana Antibacterial Foaming Hand Wash",38,"Decortication of lung",403,0,4
647,154,null,"Benazepril Hydrochloride",29,"Separat equal join twin",595,0,2
648,155,null,"Progena",35,"Tibia/fibul wedg osteot",351,0,3
649,156,null,"Paroxetine",34,"C & s-ent/larynx",331,0,4
650,157,null,"Pain Relief",20,"Vaginal operation NEC",127,0,2
651,158,null,"Equaline tussin",91,"Salpingotomy",1051,0,3
652,159,null,"Dexrazoxane Hydrochloride",70,"Clos thoracic fistul NEC",137,0,3
653,160,null,"SUGAR FREE SWISS CHERRY HERB THROAT DROPS",60,"Closed biopsy trachea",459,0,2
654,161,null,"Gabapentin",60,"Open reduc-knee dislocat",809,0,2
655,162,null,"up and up nicotine",27,"Opn pull-thru res rectum",760,0,2
656,163,null,"Senna-S",58,"Culture-female genital",964,0,3
657,164,null,"Ondansetron",44,"Open reduc-elbow disloc",337,0,1
658,165,null,"Menstrual Relief",27,"Loc excis esoph divertic",160,0,3
659,166,null,"Oxycodone Hydrochloride",90,"Insert oropharyn airway",478,0,1
660,167,null,"Quelicin",82,"Pros rep ventric def-opn",548,0,4
661,168,null,"SUNMARK ALLERGY RELIEF",32,"Sympath nrv dx proc NEC",1065,0,4
662,169,null,"NANOMIX NANO CLEAN",63,"Repair rectovag fistula",834,0,3
663,170,null,"Estradiol / Norethindrone Acetate",5,"Salivary fistula closure",1035,0,1
664,171,null,"UltrasolSunscreen",28,"Elevate skull fx fragmnt",1014,0,4
665,172,null,"TREATMENT LIPSHINE",11,"Omt with isoton,isometri",241,0,2
666,173,null,"Gabapentin",72,"GI scan & isotope funct",616,0,1
667,174,null,"NABUMETONE",33,"Laparoscopy",149,0,3
668,175,null,"Allergena",25,"Destruct peritoneal tiss",142,0,1
669,176,null,"Benztropine Mesylate",61,"Bil subq mammect-implant",631,0,1
670,177,null,"E.E.S.",84,"Lap abdperneal resc rec",1087,0,3
671,178,null,"RYMED",34,"Oth tib/fib repair/plast",1088,0,3
672,179,null,"SHOPKO Maximum Strength Medicated",24,"Aortocor bypas-1 cor art",425,0,3
673,180,null,"Loratadine",56,"Inner ear fenestration",994,0,3
674,181,null,"ABILIFY",60,"Sialoadenectomy NOS",1006,0,4
675,182,null,"Ibuprofen",87,"Oth cerv fusion ant/ant",211,0,4
676,183,null,"Valacyclovir",19,"Other plastic ops muscle",354,0,4
677,184,null,"Absorbine Jr.",13,"Contrast bronchogram NEC",621,0,4
678,185,null,"Acetazolamide",1,"Periren/uret dx proc NEC",674,0,4
679,186,null,"Clodan",16,"Arthrodesis NOS",121,0,2
680,187,null,"Donepezil Hydrochloride",89,"Shorten 1 extraoc musc",1077,0,1
681,188,null,"Sertraline Hydrochloride",23,"Head/neck ves resec-repl",826,0,4
682,189,null,"Halobetasol Propionate",87,"Root canal w apicoectomy",605,0,1
683,190,null,"allergy relief",2,"Adjust gast restrict dev",502,0,1
684,191,null,"CENTER-AL - FRAXINUS AMERICANA POLLEN",87,"Imp/repl peri stim lead",580,0,2
685,192,null,"Ginger",95,"Lap dir ing hern-graft",909,0,4
686,193,null,"ANTIPYRINUM",78,"Open biopsy of esophagus",615,0,4
687,194,null,"PNEUMOVAX 23",34,"Chorioret les radiother",795,0,2
688,195,null,"daunorubicin hydrochloride",99,"Coronary bld flow monit",535,0,4
689,196,null,"sodium sulfacetamide 10 and sulfur 5",82,"Open red-sep epiphy NOS",824,0,4
690,197,null,"Lisinopril",32,"Skull transilluminat",847,0,1
691,198,null,"Peptic Relief",80,"Open reduction-femur fx",1030,0,2
692,199,null,"flormar ADVICE Skin Geometry Purely Moisturizing Day Sunscreen Broad Spectr",26,"Heart repair revision",391,0,2
693,200,null,"SudoGest",35,"Bronchial fistula clos",518,0,1
694,201,null,"Neomycin and Polymyxin B Sulfates and Hydrocortisone",52,"Amputation thru forearm",1074,0,3
695,202,null,"PHAZYME",12,"Oth repair han/fin/wris",1079,0,1
696,203,null,"Bethanechol Chloride",77,"Ins left atr append dev",731,0,3
697,204,null,"TOURCIA",71,"Seminal vesicle op NEC",602,0,1
698,205,null,"Ketoconazole",96,"Eye enuc w implant NEC",225,0,4
699,206,null,"Levetiracetam",57,"Remov breast tissu expan",904,0,1
700,207,null,"Your Logo Here Poison Ivy First Aid",67,"Disarticulation of ankle",737,0,4
701,208,null,"New Hawaiian Tropic Sensitive Skin Lotion Sunscreen",97,"Intestinal anastom NOS",579,0,3
702,209,null,"Bladder - Kidney",96,"Excision of knee NEC",553,0,4
703,210,null,"Clarithromycin",98,"Open thyroid gland bx",1079,0,3
704,211,null,"Suave",31,"Pacemaker rate check",509,0,1
705,212,null,"CIPROFLOXACIN",51,"Remove both testes",890,0,3
706,213,null,"Simply Right Omeprazole",80,"Tendon pulley reconstruc",593,0,2
707,214,null,"Valacyclovir Hydrochloride",51,"Patellar biopsy",262,0,3
708,215,null,"Captopril",49,"Blepharorrhaphy",345,0,3
709,216,null,"Antifungal",14,"Oth exc/dest intvrt disc",206,0,2
710,217,null,"allergy relief",61,"Percut tunica aspiration",870,0,2
711,218,null,"Candesartan cilexetil",19,"Botulism antitoxin admin",683,0,1
712,219,null,"Leader allergy",94,"Retropubic ureth suspens",494,0,4
713,220,null,"Childrens Allergy",1,"Lung vol reduction surg",1030,0,1
714,221,null,"Aspergillus terreus",18,"Incision of cervix",673,0,4
715,222,null,"Tretinoin",37,"Sperm cord adhesiolysis",243,0,1
716,223,null,"PROSOPIS JULIFLORA POLLEN",39,"Bil ing hrn rep-grft NOS",648,0,2
717,224,null,"VIMOVO",47,"Dermabrasion",938,0,1
718,225,null,"Fluconazole",61,"Resistive exercise",510,0,2
719,226,null,"Paricalcitol",58,"Repair of orbital wound",542,0,2
720,227,null,"Maximum Strength",64,"Lap bi indir ing hrn-grf",1037,0,4
721,228,null,"BOTANICAL VANILLA PACT",0,"Heart transplantation",243,0,3
722,229,null,"HEB",64,"Destruct duoden les NEC",804,0,1
723,230,null,"Armour Thyroid",29,"Remove penetrat FB eye",653,0,2
724,231,null,"Diaper Rash",32,"Other arthrotomy NEC",996,0,3
725,232,null,"Ribavirin",16,"C & s-lower resp",986,0,2
726,233,null,"Caldyphen Clear",37,"Diather/cryo turbinectom",211,0,3
727,234,null,"Monistat 3 Combination Pack",11,"Sequestrectomy NOS",148,0,4
728,235,null,"Sodium Sulfacetamide",18,"Intravas msmt periph art",329,0,2
729,236,null,"Propranolol Hydrochloride",31,"Lung repair NEC",791,0,3
730,237,null,"Natural Tan",6,"Cath base invasv ep test",238,0,3
731,238,null,"Chronic Viro Reliever",39,"Humerus sequestrectomy",344,0,3
732,239,null,"RUE 21 Queen Cherry Anti Bacterial Hand Sanitizer",82,"Open thyroid gland bx",893,0,3
733,240,null,"Amantadine Hydrochloride",78,"Impl fallop tube prosth",370,0,4
734,241,null,"Alprazolam",38,"Oth remove remain ovary",209,0,1
735,242,null,"Arthritis",54,"Impedance phlebogram",950,0,1
736,243,null,"Baclofen",81,"Eyeball enucleation NEC",670,0,2
737,244,null,"Bacteriostatic Water",9,"Closed breast biopsy",134,0,3
738,245,null,"Oxacillin",30,"Lumbosac spine x-ray NEC",1097,0,4
739,246,null,"Warfarin Sodium",22,"Omt for gen'l mobilizat",625,0,4
740,247,null,"ADONIS VERNALIS",30,"Manual exam of breast",1018,0,3
741,248,null,"Levofloxacin",91,"Contrast dacryocystogram",818,0,4
742,249,null,"Advanced relief",0,"Perc abltn liver les/tis",675,0,2
743,250,null,"Regular Strength Aspirin EC",8,"C-luc exc max sinus les",819,0,2
744,251,null,"Neutrogena SkinClearing",70,"Serum transfusion NEC",142,0,4
745,252,null,"Furosemide",31,"Hand & finger arthroscop",672,0,2
746,253,null,"Benazepril Hydrochloride and Hydrochlorothiazide",9,"Uterine art emb w coils",512,0,4
747,254,null,"Amoxicillin",30,"Lower lid rhytidectomy",632,0,4
748,255,null,"Venlafaxine Hydrochloride",58,"Remov art anal sphincter",958,0,3
749,256,null,"NU-DERM HEALTHY SKIN PROTECTION",68,"Revis cutan ureteros NEC",756,0,3
750,257,null,"LoHist PEB DM",83,"Partial sialoadenectomy",1022,0,2
751,258,null,"Alcohol Prep Pad with Benzocaine",77,"Cervical lymphangiogram",960,0,1
752,259,null,"Zolpidem Tartrate",64,"Arthrodesis of knee",765,0,2
753,260,null,"Dry Eyes",32,"Adm neuroprotective agnt",692,0,2
754,261,null,"Divalproex Sodium",91,"Debridement of nail",606,0,4
755,262,null,"Clonazepam",39,"Skull plate insertion",161,0,3
756,263,null,"Doxazosin Mesylate",27,"Ins non-d-e non-cor stnt",485,0,4
757,264,null,"Aesculus-Heel",50,"Incis rectal stricture",438,0,1
758,265,null,"Age Defense BB Cream",47,"Revise hip replacemt NOS",361,0,1
759,266,null,"Amlodipine besylate and Atorvastatin calcium",72,"1 extraoc muscl advance",510,0,1
760,267,null,"Live Better",36,"C & s-eye",309,0,2
761,268,null,"Carbidopa and Levodopa",11,"Milk extraction",273,0,4
762,269,null,"Childrens Mapap",67,"Imp/rep crtd sinus lead",410,0,3
763,270,null,"Ranitidine",66,"Bilat endosc crush tube",917,0,3
764,271,null,"Labetalol HCl",91,"Closed uterine biopsy",779,0,3
765,272,null,"Lancell hair loss prevention hair grower clean formula",86,"Thomas' splint traction",582,0,4
766,273,null,"Sterile Water",98,"Periurethral biopsy",653,0,4
767,274,null,"CVS HYDROCORTISONE WITH ALOE",80,"Lo limb sft tis xray NEC",434,0,1
768,275,null,"IGF-1 Endurance Plus",86,"Referral vocation rehab",122,0,1
769,276,null,"Lithium Carbonate",65,"Endo emb hd/nk,bare coil",411,0,4
770,277,null,"Equate Nasal",66,"Closed lung biopsy",567,0,1
771,278,null,"Pleo Thym",7,"Cardiotomy",885,0,1
772,279,null,"Nucynta",68,"Intravas img cor ves OCT",426,0,4
773,280,null,"Viagra",38,"Endosc remove panc stone",458,0,4
774,281,null,"Allergena",61,"Vesicostomy",906,0,3
775,282,null,"Taclonex Scalp",83,"Periph nerve dx proc NEC",504,0,3
776,283,null,"Pravastatin Sodium",25,"Piercing of ear lobe",627,0,4
777,284,null,"Carbamazepine",67,"Sm bowel exteriorization",133,0,4
778,285,null,"Tigan",24,"Unil femor hern rep NEC",942,0,1
779,286,null,"E.E.S",76,"Post nasal pac for epist",361,0,4
780,287,null,"Carbon Dioxide",8,"Total splenectomy",849,0,3
781,288,null,"Disney FROZEN ANTIBACTERIAL HAND WIPES",17,"Leg vein resect/anastom",843,0,4
782,289,null,"PHLORIDZIN",41,"Destruc bartholin gland",211,0,1
783,290,null,"Methylprednisolone Sodium Succinate",64,"Thorac drain pleurl cav",645,0,4
784,291,null,"Amitriptyline Hydrochloride",9,"Imp/repl brain stim lead",412,0,2
785,292,null,"Avant EX",82,"Vacuum extract del NEC",873,0,3
786,293,null,"Amlodipine Besylate",69,"Intracapsul lens ext NEC",621,0,3
787,294,null,"Ropivacaine Hydrochloride",27,"Thoracic duct fistulizat",318,0,1
788,295,null,"Oxycodone and Acetaminophen",82,"Extraoc musc inj repair",922,0,2
789,296,null,"Donepezil hydrochloride",9,"Toxicology NEC",204,0,2
790,297,null,"LETTERS Ocean Blue Hand Sanitizer",99,"Anterior mechan vitrect",142,0,2
791,298,null,"Naproxen",18,"Behavior therapy",1059,0,1
792,299,null,"Dramamine for Kids",79,"Endosc sphincterotomy",225,0,4
793,300,null,"Stomach Tincture",95,"Bronchial ligation",937,0,1
794,301,null,"Tenzer",61,"Digital rectal exam",838,0,3
795,302,null,"Entacapone",72,"Sperm cord adhesiolysis",421,0,1
796,303,null,"Loblolly Pine",32,"Oth totl shouldr replace",261,0,4
797,304,null,"Glucotrol",20,"Cl red-int fix metat/tar",233,0,2
798,305,null,"Ampicillin",60,"Suture uterine lacerat",862,0,4
799,306,null,"SODIUM SULFACETAMIDE and SULFUR",2,"Bact smear-lower urinary",1028,0,2
800,307,null,"Etodolac",74,"Assisting exercise",176,0,4
801,308,null,"Lusair",54,"Loc exc les tibia/fibula",985,0,4
802,309,null,"Perfectionist Youth-Infusing Makeup Broad Spectrum SPF 25",53,"Bony palate biopsy",762,0,3
803,310,null,"Mag-AL Liquid",63,"Closed intra-abd mass bx",242,0,2
804,311,null,"Gentamicin Sulfate in Sodium Chloride",55,"Lap ast vag hysterectomy",1011,0,4
805,312,null,"Pramipexole Dihydrochloride",27,"Culture-lower GI",532,0,4
806,313,null,"Dial Gold Bar",28,"Cardiotomy",450,0,2
807,314,null,"simvastatin",84,"Atmos press/compos contr",607,0,4
808,315,null,"Rite Aid Cold and Hot Medicated",77,"Fasciotomy",669,0,4
809,316,null,"BZK Towelette",80,"Endo imp oth grf abd aor",705,0,2
810,317,null,"simple pleasures",52,"Impl or rev art anal sph",498,0,2
811,318,null,"leader Antacid",53,"Tibia & fibula biopsy",535,0,2
812,319,null,"Cetirizine Hydrochloride",54,"Trabeculotomy ab externo",593,0,4
813,320,null,"LISINOPRIL",84,"Rep anulus fibrosus-grft",515,0,3
814,321,null,"FENOFIBRATE",5,"Particul teleradioth NEC",561,0,4
815,322,null,"Stalevo",52,"Suture esophageal lacer",460,0,3
816,323,null,"topcare childrens ibuprofen",10,"Ext version-assist deliv",872,0,3
817,324,null,"Fluconazole",58,"Negatve-contr cardiogram",814,0,4
818,325,null,"IXEMPRA",21,"Opn rep dir ing hern NEC",179,0,3
819,326,null,"AZACTAM",68,"Gasserian ganglionectomy",964,0,2
820,327,null,"Terazosin Hydrochloride Anhydrous",38,"Intestinal incision NOS",1000,0,4
821,328,null,"Rite Aid Nighttime Severe Cold and Cough Relief",48,"Coronary arteriogram NEC",129,0,4
822,329,null,"Sinus Relief Severe Congestion",36,"Other arthrotomy NEC",514,0,1
823,330,null,"Senna laxative",5,"Heart vessel op NEC",122,0,3
824,331,null,"Neutrogena Healthy Skin Glow Sheers Illuminating Tinted Moisturizer - Mediu",13,"Ureth reconstruction NEC",978,0,3
825,332,null,"ORAL ASSIST",20,"Lg bowel segment isolat",566,0,1
826,333,null,"Amoxicillin",56,"Close ureter fistula NEC",823,0,2
827,334,null,"Ceramide Lift And Firm Makeup Broad Spectrum Sunscreen SPF 15 Beige",74,"Oth bone repa/plast NEC",301,0,1
828,335,null,"Calendula 10",26,"Remov thor ther dev NEC",245,0,1
829,336,null,"Vanilla Hand Sanitizer",30,"Other pyloroplasty",366,0,4
830,337,null,"Carvedilol",61,"Endosc destruc bronc les",1051,0,3
831,338,null,"Hydraday",0,"Insert aqueous drain dev",362,0,4
832,339,null,"Desloratadine",87,"Closed testicular biopsy",821,0,3
833,340,null,"Candida albicans",3,"Radical groin dissection",249,0,2
834,341,null,"Levetiracetam",33,"Ligation of vas deferens",884,0,3
835,342,null,"Fremont Cottonwood Pollen",33,"App ext fix dev-monoplan",762,0,2
836,343,null,"Creamsicle Hand Sanitizer",51,"Oth perc proc bil trct",787,0,3
837,344,null,"Desert Essence Dont Be Rash Diaper Cream",37,"Seg osteoplasty maxilla",1076,0,4
838,345,null,"ESIKA",7,"Arm vessel resect/anast",243,0,2
839,346,null,"Pier 1 Imports Passion Fruit Anti-Bacterial Hand Sanitizer",94,"Nephroscopy",326,0,4
840,347,null,"VITALUMIERE",4,"Mid/in ear dx proc NEC",404,0,1
841,348,null,"Western Ragweed",3,"Opn fx red w int fix NEC",889,0,3
842,349,null,"Tinactin",94,"Bone thermography",699,0,2
843,350,null,"Alodox",31,"Full-mouth x-ray",890,0,4
844,351,null,"Gap Favorite Lip Balm",30,"Excis external ear NEC",714,0,1
845,352,null,"DISCOUNT DRUG MART",17,"Incision of lid margin",698,0,4
846,353,null,"Ciprofloxacin",96,"Endosc retro pancreatog",1090,0,3
847,354,null,"Everyday Clean Dandruff",33,"Knee arthroscopy",859,0,3
848,355,null,"ARTEMISIA VULGARIS POLLEN",27,"Metatars/tars inj op NOS",141,0,3
849,356,null,"Daily Moisturizing Antioxidant SPF 50",55,"Seminal vesicle excision",783,0,4
850,357,null,"Menopause HP",89,"Lg bowel dx proced NEC",447,0,4
851,358,null,"ASPIRIN",42,"Intranas les destruction",899,0,2
852,359,null,"Nifedipine",18,"Gum or alveolar incision",683,0,1
853,360,null,"HAND SANITIZER",4,"Remov other urin device",861,0,2
854,361,null,"Radish",56,"Endometrial ablation",412,0,4
855,362,null,"Amoxicillin and Clavulanate Potassium",33,"Tot rep truncus arterios",800,0,3
856,363,null,"CRESTOR",30,"Opn transv colon res NEC",841,0,4
857,364,null,"Triazolam",41,"Lap lys periren/uret adh",1073,0,4
858,365,null,"Diazepam",86,"Urinary manometry",219,0,4
859,366,null,"MALARONE",8,"Abdominal tomography NEC",1087,0,3
860,367,null,"ZYLOPRIM",13,"Insert vasc access dev",1067,0,3
861,368,null,"YVES ROCHER hydra vegetal HYDRATING DAY SPF 25 SUNSCREEN",33,"Laryngeal nerv division",853,0,4
862,369,null,"Synthroid",66,"Particul teleradioth NEC",198,0,3
863,370,null,"APRISO",97,"Closed lung biopsy",356,0,1
864,371,null,"Thiothixene",50,"Clos uterine ligament bx",332,0,1
865,372,null,"Desoximetasone",64,"Bladder sphincterotomy",133,0,2
866,373,null,"Cultivated Wheat",6,"Excis les lacrimal gland",698,0,1
867,374,null,"Benztropine Mesylate",39,"Excision of mouth NEC",330,0,4
868,375,null,"anefrin nasal",61,"Periph nerve div NEC",140,0,1
869,376,null,"Venlafaxine Hydrochloride",95,"Urethrostomy closure",882,0,4
870,377,null,"Miconazole 3",13,"Removal FB from leg",726,0,2
871,378,null,"Boolicious Antibacterial Hand",19,"Part facial ostectom NEC",827,0,2
872,379,null,"TAPAZOLE",53,"Ligation dermal appendag",830,0,2
873,380,null,"SHISEIDO THE MAKEUP PERFECT SMOOTHING COMPACT FOUNDATION (Refill)",94,"Skull plate removal",698,0,2
874,381,null,"Haloperidol",74,"Pancreatic tube irrigat",586,0,3
875,382,null,"Hydroxyzine Hydrochloride",28,"Oth bone repair/plast op",1086,0,1
876,383,null,"Y-Age Carnosine",72,"Skel xray-ankle & foot",427,0,3
877,384,null,"good sense antacid",69,"Detach ret photocoag NOS",645,0,2
878,385,null,"Milk of Magnesia Mint",70,"Pectus deformity repair",151,0,3
879,386,null,"WHEAT",64,"Correct ureteropelv junc",775,0,4
880,387,null,"Luxiq",65,"Esophageal operation NEC",852,0,1
881,388,null,"Smart Sense Allergy and Congestion Relief-D",92,"Hip structure division",294,0,4
882,389,null,"AILANTHUS GLANDULOSUS",3,"Excis metacar/car-graft",168,0,4
883,390,null,"Hemorrhoidal Cooling Gel",54,"Corneal transplant NEC",709,0,2
884,391,null,"Lymph I",92,"Arth/pros rem wo rep-hip",827,0,3
885,392,null,"Muscle Rescue",11,"Inc soft tissue hand NEC",524,0,4
886,393,null,"BANDAGE",27,"Other gu system exams",568,0,2
887,394,null,"SWEETGUM POLLEN",75,"Rehabilitation NEC",308,0,4
888,395,null,"Imipramine Pamoate",49,"Rev knee replacemt-total",631,0,3
889,396,null,"IQueen CCC Dark",98,"Thalamus operations",514,0,2
890,397,null,"Organoplex Special Order",36,"Radius/ulna inj op NOS",508,0,2
891,398,null,"Atenolol",85,"Total repair of tapvc",378,0,2
892,399,null,"Acyclovir",7,"Chemonucleolysis iv disc",870,0,1
893,400,null,"Zicam",67,"Periph nerve inject NEC",686,0,3
